TANGLISH_NAME,TAMIL_NAME,CATEGORY,JSON_QUANTITY_TYPE,JSON_QUANTITY,SELLING_PRICE
CAPSICUM RED TYPE A,குடைமிளகாய் சிவப்பு வகை A,VEG,KG,0.0,400.0
A2 GHEE MYSORE PA,A2 நெய் மைசூர் PA,SNACKS,KG,0.0,800.0
AGATHI KEERAI,அகத்திக்கீரை,GREENS,PCS,1.0,30.0
ALOO BHUJIYA,ஆலூ புஜியா,SNACKS,KG,0.0,600.0
ALPHONSO MANGO,அல்போன்சா மாம்பழம்,FRUITS,KG,0.6,200.0
AMLA,நெல்லி,FRUITS,KG,0.7,110.0
AMLA PICKLE,நெல்லிக்காய் ஊறுகாய்,READY TO EAT,KG,0.5,800.0
AMMANPACHARISI,அம்மன்பச்சரிசி,GREENS,PCS,0.0,15.0
ANDHRA MURUKKU,ஆந்திரா முறுக்கு,SNACKS,KG,0.0,520.0
ANDHRA THATAI,ஆந்திரா தட்டை,SNACKS,KG,0.0,600.0
APPLE,ஆப்பிள்,FRUITS,KG,1.31,300.0
APPLE (GOLDEN GREEN),ஆப்பிள் (கோல்டன் கிரீன்),FRUITS,KG,0.0,270.0
ARAI KEERAI,அரைக்கீரை,GREENS,PCS,9.0,30.0
ARUKAMPULL,அருகம்புல்,GREENS,PCS,0.0,10.0
ASH GOURD,பூசணிக்காய்,VEG,KG,81.9,80.0
ATHIRASAM,அதிரசம்,SNACKS,KG,0.0,600.0
AVAKKA MANGO PICKLE,அவக்காய் மாங்காய் ஊறுகாய்,READY TO EAT,KG,0.0,1000.0
AVARAKAI,அவரைக்காய்,VEG,KG,11.5,130.0
AVOCADO,வெண்ணெய் பழம்,FRUITS,KG,0.0,210.0
AYUDHA POOJA COMBO 1KG,ஆயுத பூஜை காம்போ 1KG,SNACKS,KG,0.0,649.0
AYUDHA POOJA COMBO 250GM,ஆயுத பூஜை காம்போ 250GM,SNACKS,KG,0.0,199.0
AYUDHA POOJA COMBO 500GM,ஆயுத பூஜை காம்போ 500GM,SNACKS,KG,0.0,349.0
BABY POTATO,சின்ன உருளைக்கிழங்கு,VEG,KG,19.62,70.0
BADAM (ALMOND),பாதாம் (ஆல்மண்ட்),PROVISIONS,KG,0.0,933.0
BAJJI MILLAGAI,பஜ்ஜி மிளகாய்,VEG,KG,0.0,100.0
BANANA BONDA,வாழை பஜ்ஜி,SNACKS,PCS,0.0,20.0
BANANA FLOWER,வாழைப்பூ,VEG,KG,5.0,40.0
BANANA LEAF,வாழை இலை,VEG,KG,3.0,20.0
BANANA STEM,வாழைத்தண்டு,VEG,PCS,1.0,25.0
BANGANAPALLI,பங்கனப்பள்ளி,FRUITS,KG,34.49,200.0
BARLEY,பார்லி,PROVISIONS,KG,0.0,90.0
BASUMATHI RICE,பஸ்மதி அரிசி,PROVISIONS,KG,0.0,150.0
BEANS,பீன்ஸ்,VEG,KG,1.0,130.0
BEETROOT,பீட்ரூட்,VEG,KG,3.96,120.0
BENGAL GRAM KADALA PARUPPU,கடலைப்பருப்பு,PROVISIONS,KG,6.25,170.0
BETEL LEAVES( VETRILAI),வெற்றிலை,GREENS,PCS,0.0,10.0
BIG ONION,பெரிய வெங்காயம்,VEG,KG,23.6,80.0
BITTER GOURD - (PAVARKAI),பாகற்காய்,VEG,KG,8.5,90.0
BLACK CHANNA,கறுப்பு கொண்டக்கடலை,PROVISIONS,KG,0.5,150.0
BLACK GRAPES (PANNER),கருப்பு திராட்சை (பன்னீர்),FRUITS,KG,0.01,220.0
BLACK HORSE GRAM,கறுப்பு கொள்ளு,PROVISIONS,KG,0.0,100.0
BLACK KAVUNI AVAL,கருப்பு கவுனி அவல்,PROVISIONS,KG,0.0,230.0
BLACK KAVUNI RICE,கருப்பு கவுனி அரிசி,PROVISIONS,KG,3.75,275.0
BLACK RICE NOODLES,கருப்பு அரிசி நூடுல்ஸ்,READY TO COOK,PCS,0.0,70.0
BLACK URAD DALL KANJI MIX,கருப்பு உளுந்து கஞ்சி மாவு,READY TO COOK,KG,0.0,400.0
BLACK URAD DHALL LADOO,கருப்பு உளுந்து லட்டு,SNACKS,KG,0.0,600.0
BOTTLE GOURD - (SURAIKAI),சுரைக்காய்,VEG,KG,16.13,80.0
BRINJAL - PURPLE STRIPES,கத்தரிக்காய் - ஊதா கோடுகள்,VEG,KG,20.41,90.0
BRINJAL LONG,கத்தரிக்காய் நீளம்,VEG,KG,1.25,70.0
BRINJAL VATHAL,கத்தரிக்காய் வற்றல்,READY TO COOK,KG,0.0,2000.0
BROCOLI,புரோக்கோலி,VEG,KG,0.0,285.0
BROWN MOCHAI,பழுப்பு மொச்சை,PROVISIONS,KG,0.0,200.0
BROWN RICE,பழுப்பு அரிசி,PROVISIONS,KG,0.0,110.0
BUTTER BEANS,பட்டர் பீன்ஸ்,VEG,KG,0.0,130.0
BUTTER MURUKKU,வெண்ணெய் முறுக்கு,SNACKS,KG,0.0,600.0
BUTTER SEV,வெண்ணெய் சேவ்,SNACKS,KG,0.0,600.0
CABBAGE,முட்டைக்கோஸ்,VEG,KG,19.79,80.0
CABBAGE PURPLE,ஊதா முட்டைக்கோஸ்,VEG,KG,5.24,90.0
CAPSICUM GREEN,குடைமிளகாய் பச்சை,VEG,KG,0.0,130.0
CAPSICUM RED TYPE B,குடைமிளகாய் சிவப்பு வகை B,VEG,KG,0.0,200.0
CAPSICUM YELLOW,குடைமிளகாய் மஞ்சள்,VEG,KG,0.0,180.0
CARDAMOM(YELLAKAI),ஏலக்காய்,PROVISIONS,KG,0.0,1600.0
CARROT,கேரட்,VEG,KG,51.66,120.0
CARROT HALWA,கேரட் அல்வா,SNACKS,KG,0.0,800.0
CASALAT,காசாலாட்,FRUITS,KG,0.0,120.0
CASHEW BUTTER MURUKKU,முந்திரி பட்டர் முறுக்கு,SNACKS,KG,0.1,1270.0
CASHEW PAKODA,முந்திரி பக்கோடா,SNACKS,KG,3.05,900.0
CASHEW SPLIT,முந்திரி பிளவு,PROVISIONS,KG,0.0,1000.0
CASHEWNUT,முந்திரி பருப்பு,PROVISIONS,KG,0.15,1200.0
CASTOR OIL,விளக்கெண்ணெய்,PROVISIONS,LTRS,0.0,280.0
CAULIFLOWER,காலிஃபிளவர்,VEG,KG,10.91,120.0
CHAPPATHI,சப்பாத்தி,READY TO EAT,PCS,0.0,60.0
CHILLI POWDER,மிளகாய் தூள்,PROVISIONS,KG,0.3,400.0
CHOLAM BISCUIT,சோளம் பிஸ்கட்,SNACKS,BOX,0.0,30.0
CHOLAM NOODLES,சோளம் நூடுல்ஸ்,PROVISIONS,KG,0.0,60.0
CHOW CHOW,சௌ சௌ,VEG,KG,8.59,90.0
CLUSTER BEANS (KOTHAVARAI),கொத்தவரங்காய்,VEG,KG,2.32,90.0
COCONUT,தேங்காய்,VEG,PCS,16.0,30.0
COCONUT KOPARAI,தேங்காய் கொப்பரை,PROVISIONS,KG,0.0,280.0
COCONUT OIL,தேங்காய் எண்ணெய்,PROVISIONS,LTRS,7.5,490.0
COCONUT POLI,தேங்காய் போலி,SNACKS,PCS,0.0,20.0
COCONUT POWDER,தேங்காய் தூள்,PROVISIONS,KG,0.0,300.0
COCONUT PURFI,தேங்காய் பர்பி,SNACKS,KG,0.0,600.0
COCONUT WATER,தேங்காய் தண்ணீர்,FRUITS,KG,0.0,45.0
CORIANDER LEAVES HILLS,கொத்தமல்லி இலைகள் (மலை),GREENS,PCS,20.5,40.0
CORIANDER POWDER,மல்லித்தூள்,PROVISIONS,KG,1.1,400.0
CORIANDER SEEDS,மல்லி விதைகள்,PROVISIONS,KG,7.78,350.0
CORN,சோளம்,VEG,KG,0.0,65.0
CORN YELLOW,மஞ்சள் சோளம்,PROVISIONS,KG,0.65,120.0
CUCUMBER - (VELLARI PINJU),வெள்ளரிக்காய் - (வெள்ளரிப் பிஞ்சு),VEG,KG,14.79,110.0
CURD,தயிர்,READY TO EAT,LTRS,0.0,60.0
CURD CHILLI VATHAL,தயிர் மிளகாய் வற்றல்,READY TO COOK,KG,0.0,2000.0
CURRY LEAF RIBBON PAKODA,கறிவேப்பிலை ரிப்பன் பக்கோடா,SNACKS,KG,0.45,1466.0
CURRY LEAVES,கறிவேப்பிலை,GREENS,PCS,10.7,0.0
CUSTARD APPLE,சீதாப்பழம்,FRUITS,KG,1.1,120.0
CUT MANGO PICKLE,நறுக்கிய மாங்காய் ஊறுகாய்,READY TO EAT,KG,0.0,120.0
DATES FRESH FRUIT,பேரீச்சம்பழம் புதிய பழம்,FRUITS,KG,0.0,150.0
DATES PALM GROUNDNUT LADDU,பேரீச்சம்பழம் பனை நிலக்கடலை லட்டு,SNACKS,KG,0.15,850.0
DIABETIC KANJI MAVU,சர்க்கரை நோயாளிகளுக்கான கஞ்சி மாவு,READY TO COOK,KG,0.0,400.0
DIWALI ORGANIC SNACKS(500GM),தீபாவளி ஆர்கானிக் ஸ்நாக்ஸ்(500GM),SNACKS,PCS,0.0,399.0
DIWALI COMBO 1 250GM,தீபாவளி காம்போ 1 250GM,SNACKS,PCS,0.0,199.0
DIWALI COMBO 2 500GM,தீபாவளி காம்போ 2 500GM,SNACKS,PCS,0.0,349.0
DIWALI COMBO 3 1KG,தீபாவளி காம்போ 3 1KG,SNACKS,PCS,0.0,699.0
DIWALI COMBO 4 500GMS,தீபாவளி காம்போ 4 500GMS,SNACKS,PCS,0.0,335.0
DIWALI COMBO 5 1KG,தீபாவளி காம்போ 5 1KG,SNACKS,PCS,0.0,480.0
DIWALI ORGANIC SNACKS(1KG),தீபாவளி ஆர்கானிக் ஸ்நாக்ஸ்(1KG),SNACKS,PCS,0.0,699.0
DRAGON FRUIT,டிராகன் பழம்,FRUITS,KG,9.08,200.0
DRUM STICK LEAVES,முருங்கை இலைகள்,GREENS,PCS,4.0,30.0
DRUMSTICK,முருங்கைக்காய்,VEG,PCS,23.0,10.0
DRUMSTICK POWDER,முருங்கைத்தூள்,PROVISIONS,KG,0.0,1200.0
DRY FRUIT LADDOO,உலர் பழ லட்டு,SNACKS,KG,0.0,1125.0
DRY FRUITS COCONUT BURFI,உலர் பழங்கள் தேங்காய் பர்பி,SNACKS,KG,0.0,500.0
DRY GRAPES,உலர் திராட்சை,PROVISIONS,KG,0.7,500.0
DRY LONG RED CHILLI,நீண்ட காய்ந்த மிளகாய்,PROVISIONS,KG,3.85,350.0
DRY PEANUTS,உலர் வேர்க்கடலை,PROVISIONS,KG,1.25,220.0
DRY RED CHILLI POWDER,காய்ந்த மிளகாய் தூள்,PROVISIONS,KG,0.0,500.0
DRY SHORT RED CHILLI,குறுகிய காய்ந்த மிளகாய்,PROVISIONS,KG,0.2,350.0
EGG,முட்டை,VEG,PCS,14.0,16.7
ELLU PODI,எள்ளுப்பொடி,PROVISIONS,KG,0.0,1000.0
ELLU URUNDAI,எள்ளுருண்டை,SNACKS,KG,0.0,400.0
ERRUKKA MALAI,எருக்கமாலை,GREENS,PCS,0.0,20.0
FARM IDLI RICE,பண்ணை இட்லி அரிசி,PROVISIONS,KG,110.0,90.0
FARM MAPILLAI SAMBHA RICE,பண்ணை மாப்பிள்ளை சம்பா அரிசி,PROVISIONS,KG,59.0,110.0
FESTIVAL PACK,பண்டிகை பேக்,SNACKS,PCS,0.0,799.0
FIG FRUIT,அத்திப்பழம்,FRUITS,KG,0.0,300.0
GARLIC,பூண்டு,VEG,KG,4.42,360.0
GARLIC HILLS,பூண்டு (மலை),VEG,KG,10.06,320.0
GARLIC VADAMS,பூண்டு வடகம்,READY TO COOK,KG,0.0,350.0
GHEE,நெய்,PROVISIONS,LTRS,2.75,1500.0
GINGELLY OIL,நல்லெண்ணெய்,PROVISIONS,LTRS,5.5,380.0
GINGER,இஞ்சி,VEG,KG,3.95,240.0
GOOSEBERRY(NELLI),நெல்லிக்காய்,FRUITS,KG,11.92,100.0
GREEN CHILLY - (MILAGAI),பச்சை மிளகாய்,VEG,KG,9.98,150.0
GREEN GRAM,பச்சைப்பயறு,PROVISIONS,KG,1.6,200.0
GREEN GRAPES,பச்சை திராட்சை,FRUITS,KG,7.4,210.0
GREEN PEAS,பச்சை பட்டாணி,VEG,KG,5.75,300.0
GREENCHILLI VADAMS,பச்சைமிளகாய் வடகம்,READY TO COOK,KG,0.0,350.0
GROUND NUT OIL,கடலை எண்ணெய்,PROVISIONS,LTRS,4.5,270.0
GUAVA,கொய்யா,FRUITS,KG,2.03,90.0
GUNDU GREEN CHILLI,குண்டு பச்சை மிளகாய்,VEG,KG,1.0,200.0
HAND MURUKKU,கை முறுக்கு,SNACKS,KG,0.0,500.0
HERBAL LEAVES,மூலிகை இலைகள்,GREENS,PCS,0.0,30.0
HERBAL TEA,மூலிகை தேநீர்,SNACKS,PCS,0.0,10.0
HERBAL TEA POWDER,மூலிகை தேநீர் தூள்,PROVISIONS,KG,1.0,520.0
HILL BANANA,மலை வாழைப்பழம்,FRUITS,KG,0.11,200.0
IDIYAPPAM FLOUR,இடியாப்ப மாவு,PROVISIONS,KG,0.0,160.0
IDLI CHILLI POWDER,இட்லி மிளகாய் பொடி,PROVISIONS,KG,0.1,500.0
IDLI RICE,இட்லி அரிசி,PROVISIONS,KG,0.0,90.0
ILLUPPAI SAMBHA,இலுப்பை சம்பா,PROVISIONS,KG,1.0,150.0
IMAMPASANTH,இமாம்பசந்த்,FRUITS,KG,0.0,250.0
INDU UPPU,இந்து உப்பு,PROVISIONS,KG,4.5,140.0
INSTANT MILLET IDLY DOSA FLOUR,இன்ஸ்டன்ட் சிறுதானிய இட்லி தோசை மாவு,READY TO COOK,KG,0.0,100.0
IVY GOURD - (KOVAIKAI),கோவைக்காய்,VEG,KG,20.46,90.0
JACK FRUIT,பலாப்பழம்,FRUITS,KG,0.0,200.0
JAMUN(NAVAL),நாவல் பழம்,FRUITS,KG,0.1,300.0
JEERA VADAMS,சீரக வடகம்,READY TO COOK,KG,0.8,350.0
JEERAGAM,சீரகம்,PROVISIONS,KG,1.0,1000.0
KAALABATH,காலாபாத்,PROVISIONS,KG,0.0,200.0
KAARA SEV,கார சேவ்,SNACKS,KG,0.0,600.0
KADALA MAAVU(FLOUR),கடலை மாவு,PROVISIONS,KG,0.0,160.0
KAIKUTHAL RICE NOODLES,கைகுத்தல் அரிசி நூடுல்ஸ்,READY TO COOK,PCS,0.0,75.0
KAJU KATLI,காஜு கட்லி,SNACKS,KG,0.0,1133.0
KALAN NMAK(BLACK SALT),கலன் நமாக் (கருப்பு உப்பு),PROVISIONS,KG,0.0,0.0
KALYANA MURUNGAI,கல்யாண முருங்கை,GREENS,PCS,0.0,30.0
KAMALA ORANGE,கமலா ஆரஞ்சு,FRUITS,KG,0.0,150.0
KAMBU,கம்பு,PROVISIONS,KG,2.0,170.0
KAMBU BISCUIT,கம்பு பிஸ்கட்,SNACKS,BOX,0.0,30.0
KAMBU FLOUR,கம்பு மாவு,PROVISIONS,KG,1.2,190.0
KAMBU MURUKKU,கம்பு முறுக்கு,SNACKS,KG,0.0,600.0
KAMBU NOODLES,கம்பு நூடுல்ஸ்,READY TO COOK,PCS,2.0,65.0
KAMBU RAVA,கம்பு ரவை,PROVISIONS,KG,0.0,150.0
KARA BOONDI,கார பூந்தி,SNACKS,KG,0.0,600.0
KARA MURUKKU,கார முறுக்கு,SNACKS,KG,0.0,520.0
KARAMANI,காராமணி,VEG,KG,10.02,80.0
KARAMANI PAYAR,காராமணி பயறு,PROVISIONS,KG,0.0,130.0
KARISELANGANNI,கரிசலாங்கண்ணி,GREENS,PCS,1.0,30.0
KARNA KILANGU,கர்ணா கிழங்கு,VEG,KG,0.0,90.0
KARPORAVALI,கற்பூரவள்ளி,FRUITS,KG,12.12,90.0
KARUDAN SAMBHA,கருடன் சம்பா,PROVISIONS,KG,0.0,120.0
KARUNG KURUVAI,கருங்குறுவை,PROVISIONS,KG,0.0,120.0
KARUPATTI,கருப்பட்டி,PROVISIONS,KG,3.2,400.0
KARUPATTI JANGIRI,கருப்பட்டி ஜாங்கிரி,SNACKS,KG,0.0,1000.0
KARUPATTI KAJU KATILI,கருப்பட்டி காஜு கட்லி,SNACKS,KG,0.2,1500.0
KARUPATTI KAVUNI HALWA,கருப்பட்டி கவுனி அல்வா,SNACKS,KG,2.25,800.0
KARUPATTI MITTAI,கருப்பட்டி மிட்டாய்,SNACKS,KG,0.0,560.0
KARUPATTI WHEAT HALWA,கருப்பட்டி கோதுமை அல்வா,SNACKS,KG,0.0,720.0
KARUPPATI LADOO,கருப்பட்டி லட்டு,SNACKS,KG,0.0,600.0
KARUPPU KAVUNI NOODLES,கருப்பு கவுனி நூடுல்ஸ்,READY TO COOK,PCS,0.0,75.0
KARUPU KAUVNI MURUKKU,கருப்பு கவுனி முறுக்கு,SNACKS,KG,0.0,600.0
KARUVEPILLAI PODI,கறிவேப்பிலை பொடி,READY TO EAT,KG,0.6,1000.0
KATTU YANAM,காட்டு யானம்,PROVISIONS,KG,0.5,130.0
KAVUNI DOSA FLOUR,கவுனி தோசை மாவு,READY TO COOK,KG,0.0,200.0
KAVUNI KANJI MIX,கவுனி கஞ்சி மிக்ஸ்,READY TO COOK,KG,0.0,550.0
KAVUNI MURRUKU,கவுனி முறுக்கு,SNACKS,KG,0.0,600.0
KAVUNI RICE FLOUR,கவுனி அரிசி மாவு,PROVISIONS,KG,0.9,220.0
KAVUNI WHEAT HALWA,கவுனி கோதுமை அல்வா,SNACKS,KG,2.95,800.0
KEELA NALLI,கீழாநெல்லி,GREENS,PCS,0.0,30.0
KEERAI PAKODA,கீரை பக்கோடா,SNACKS,KG,0.0,520.0
KERALA MATTA RICE,கேரளா மட்டா அரிசி,PROVISIONS,KG,2.75,100.0
KHOL KHOL,கோல்கோல்,VEG,KG,1.55,100.0
KICHALLI SAMBHA,கிச்சிலி சம்பா,PROVISIONS,KG,1.0,100.0
KICHALLI SAMBHA (RAW),கிச்சிலி சம்பா (பச்சரிசி),PROVISIONS,KG,0.0,100.0
KILLIMOKKU,கிள்ளி மாங்காய்,VEG,KG,224.81,50.0
KOLI AVARAI,கொழி அவரை,VEG,KG,0.0,100.0
KOLLU,கொள்ளு,PROVISIONS,KG,0.0,140.0
KOLLU KANJI MIX,கொள்ளு கஞ்சி மிக்ஸ்,READY TO COOK,KG,0.0,400.0
KOLLU NO0DLES,கொள்ளு நூடுல்ஸ்,READY TO COOK,PCS,0.0,65.0
KOLLU RASAM POWDER,கொள்ளு ரசம் பவுடர்,PROVISIONS,KG,0.0,900.0
KOTHAVARANGA VATHAL,கொத்தவரங்கா வற்றல்,PROVISIONS,KG,0.0,1500.0
KOZHUKATTAI MAAVU,கொழுக்கட்டை மாவு,PROVISIONS,KG,0.0,130.0
KOZHUKATTAI MAAVU (PONNI),கொழுக்கட்டை மாவு (பொன்னி),PROVISIONS,KG,0.0,140.0
KRISHNA JAYANTHI COMBO PACK,கிருஷ்ண ஜெயந்தி காம்போ பேக்,SNACKS,KG,0.0,599.0
KRISHNA JAYANTHI COMBO PACK 1KG,கிருஷ்ண ஜெயந்தி காம்போ பேக் 1KG,SNACKS,BOX,0.0,949.0
KRISHNA JAYANTHI COMBO PACK 500GMS,கிருஷ்ண ஜெயந்தி காம்போ பேக் 500GMS,SNACKS,BOX,2.0,499.0
KUDAMPULLI,குடம்புளி,PROVISIONS,KG,1.75,500.0
KULAMBU MILAGAI PODI,குழம்பு மிளகாய் பொடி,READY TO EAT,KG,0.0,700.0
KULLAKAAR AVAL,குள்ளக்கார் அவல்,PROVISIONS,KG,0.0,140.0
KULLAKAAR AVAL LADDU,குள்ளக்கார் அவல் லட்டு,SNACKS,KG,0.0,300.0
KULLAKAR RICE,குள்ளக்கார் அரிசி,PROVISIONS,KG,3.0,110.0
KUNDU MANGO,குண்டு மாங்காய்,FRUITS,KG,6.0,80.0
KUPPAMANNI,குப்பமேனி,GREENS,PCS,0.0,30.0
KUTHIRAIVALLI,குதிரைவாலி,PROVISIONS,KG,2.25,140.0
KUTHIRAIVALLI BISCUITS,குதிரைவாலி பிஸ்கட்,SNACKS,KG,0.0,30.0
KUTHIRAIVALLI FLOUR,குதிரைவாலி மாவு,PROVISIONS,KG,0.0,140.0
KUTHIRAIVALLI NOODLES,குதிரைவாலி நூடுல்ஸ்,READY TO COOK,PCS,1.0,60.0
KUTHIRAIVALLI RAVA,குதிரைவாலி ரவை,PROVISIONS,KG,0.0,200.0
LADDOO,லட்டு,SNACKS,KG,0.0,600.0
LADIES FINGER,வெண்டைக்காய்,VEG,KG,32.94,100.0
LADIES FINGER DRY VATHAL,வெண்டைக்காய் வற்றல்,READY TO COOK,KG,0.0,1000.0
LADIES FINGER PAKODA,வெண்டைக்காய் பக்கோடா,SNACKS,KG,0.0,400.0
LEMON,எலுமிச்சை,VEG,KG,6.66,160.0
LEMON PICKLE,எலுமிச்சை ஊறுகாய்,READY TO EAT,KG,0.0,750.0
LITTLE MILLET MURUKKU,சிறுதானிய முறுக்கு,SNACKS,KG,0.0,720.0
MAAVU ARISI RAW,மாவு அரிசி பச்சரிசி,PROVISIONS,KG,0.0,35.0
MAAVU PAKODA,மாவு பக்கோடா,SNACKS,KG,0.0,520.0
MAKKA CHOLAM,மக்காச்சோளம்,PROVISIONS,KG,0.0,80.0
MALKOVA MANGO,மல்கோவா மாம்பழம்,FRUITS,KG,34.09,200.0
MANATHAKALI BERRIES,மணத்தக்காளி காய்கள்,VEG,KG,0.0,360.0
MANATHAKALI KEERAI,மணத்தக்காளி கீரை,GREENS,PCS,5.0,30.0
MANGO,மாம்பழம்,FRUITS,KG,0.0,80.0
MANGO HALWA,மாம்பழ அல்வா,READY TO EAT,KG,0.0,750.0
MANGO JAM,மாம்பழ ஜாம்,READY TO EAT,KG,0.75,640.0
MANGO LEAVES,மா இலைகள்,GREENS,PCS,0.0,20.0
MANGO PICKLE,மாங்காய் ஊறுகாய்,READY TO EAT,KG,0.0,200.0
MANGO THOKKU,மாங்காய் தொக்கு,READY TO EAT,KG,2.3,750.0
MANI SAMBHA,மணி சம்பா,PROVISIONS,KG,0.0,200.0
MANKATTI THUVARAM PARUPU,மண்கட்டி துவரம் பருப்பு,PROVISIONS,KG,0.5,260.0
MAPILLAI SAMBA RICE MURUKKU,மாப்பிள்ளை சம்பா அரிசி முறுக்கு,SNACKS,KG,0.0,800.0
MAPILLAI SAMBA RICE VADAM,மாப்பிள்ளை சம்பா அரிசி வடாம்,READY TO COOK,KG,0.0,750.0
MAPILLAI SAMBHA,மாப்பிள்ளை சம்பா,PROVISIONS,KG,11.25,110.0
MAPILLAI SAMBHA AVAL,மாப்பிள்ளை சம்பா அவல்,PROVISIONS,KG,2.0,140.0
MAPILLAI SAMBHA PORI,மாப்பிள்ளை சம்பா பொரி,PROVISIONS,KG,0.0,140.0
MAPILLAI SAMBHA RICE FLOUR,மாப்பிள்ளை சம்பா அரிசி மாவு,PROVISIONS,KG,0.0,200.0
MAPPILLAI SAMBA NOODLES,மாப்பிள்ளை சம்பா நூடுல்ஸ்,READY TO COOK,PCS,0.0,75.0
MARAVALLI KIZANGU,மரவள்ளிக்கிழங்கு,VEG,KG,0.8,70.0
MASALA GROUNDNUT,மசாலா நிலக்கடலை,SNACKS,KG,0.0,520.0
MASALA ITEMS,மசாலா பொருட்கள்,PROVISIONS,KG,0.0,100.0
MILK POWDER,பால் பவுடர்,PROVISIONS,KG,0.0,455.0
MILLET IDLI BATTER,மிலகாய் இட்லி மாவு,READY TO COOK,KG,5.0,110.0
MILLET MURUKKU,மிலகாய் முறுக்கு,SNACKS,KG,0.0,600.0
MINI YELLOW PUMKIN,மினி மஞ்சள் பூசணி,VEG,KG,0.0,90.0
MIRACLE POWDER,மிராக்கிள் பவுடர்,READY TO EAT,KG,0.0,180.0
MIXED VEGGIES,கலப்பு காய்கறிகள்,VEG,KG,0.0,150.0
MIXTURE,மிக்ஸர்,SNACKS,KG,4.75,700.0
MIXTURE - SATTUR SEV,மிக்ஸர் - சாத்தூர் சேவ்,SNACKS,KG,0.0,600.0
MIXTURE (NON GARLIC),மிக்ஸர் (பூண்டு இல்லாதது),SNACKS,KG,0.0,600.0
MIXTURE SATTUR SEV (NG),மிக்ஸர் சாத்தூர் சேவ் (NG),SNACKS,KG,0.0,600.0
MOONG DAL PAASIPARUPU,பாசிப்பயறு,PROVISIONS,KG,7.0,200.0
MORINGA NOODLES,முருங்கை நூடுல்ஸ்,READY TO COOK,PCS,0.0,60.0
MOSAMBI,மோசாம்பி,FRUITS,KG,15.93,130.0
MOTCHA,மொச்சை,VEG,KG,0.0,120.0
MS IDIYAPPAM FLOUR,MS இடியாப்ப மாவு,PROVISIONS,KG,0.0,200.0
MUDAKATHAN,முடக்கத்தான்,GREENS,PCS,0.0,25.0
MULAKEERAI,முளைக்கீரை,GREENS,PCS,7.0,30.0
MULTI GRAIN ATTA FLOUR,பல்வகை தானிய மாவு,PROVISIONS,KG,0.0,150.0
MULTI MILLET ATTA FLOUR,பல்வகை சிறுதானிய மாவு,PROVISIONS,KG,0.0,200.0
MULTI NOODLES,பல்வகை நூடுல்ஸ்,READY TO COOK,PCS,1.0,60.0
MURUKKU,முறுக்கு,SNACKS,KG,0.0,680.0
MUSAMBI (SATHUKUTTI),முசாம்பி (சத்துகுட்டி),FRUITS,KG,0.0,130.0
MUSK MELON,முலாம்பழம்,FRUITS,KG,2.67,110.0
MUSTARD(KADUGU),கடுகு,PROVISIONS,KG,0.85,200.0
MYIL IRRAGU,மயில் இறகு,GREENS,PCS,0.0,25.0
MYSORE PAK,மைசூர் பாக்,SNACKS,KG,0.0,800.0
NAARTHANGAI DRY VATHAL,நார்த்தங்காய் வற்றல்,READY TO COOK,KG,0.0,500.0
NANARI SARBATH,நன்னாரி சர்பத்,READY TO EAT,KG,2.0,150.0
NARI PAYIRU,நரிப்பயறு,PROVISIONS,KG,0.0,175.0
NARTHANGAI PICKLE,நார்த்தங்காய் ஊறுகாய்,READY TO EAT,KG,0.0,150.0
NARTHANKAI,நார்த்தங்காய்,VEG,KG,0.0,120.0
NARTHANKAI LEAVES,நார்த்தங்காய் இலைகள்,GREENS,PCS,0.0,40.0
NATTUSAKKARAI,நாட்டுச்சர்க்கரை,PROVISIONS,KG,14.25,130.0
NATTUSAKKARAI LADDU,நாட்டுச்சர்க்கரை லட்டு,SNACKS,KG,0.0,400.0
NATTUSAKKARAI MYSOREPAK,நாட்டுச்சர்க்கரை மைசூர்பாக்,SNACKS,KG,0.0,800.0
NATTUSAKKARAI PALGOVA,நாட்டுச்சர்க்கரை பால்கோவா,SNACKS,KG,0.0,800.0
NAVARA RICE,நவர அரிசி,PROVISIONS,KG,1.75,110.0
NAVATHANIYAM MIXTURE,நவதானிய மிக்ஸர்,SNACKS,KG,0.0,680.0
NAVRATHRI COMBO PACK,நவராத்திரி காம்போ பேக்,SNACKS,PCS,0.0,850.0
NEELAM MANGO,நீலம் மாம்பழம்,FRUITS,KG,0.0,70.0
NEEM OIL,வேப்ப எண்ணெய்,PROVISIONS,LTRS,0.0,400.0
NENTHIRAM BANANA,நேந்திரம் வாழைப்பழம்,FRUITS,KG,39.48,100.0
NENTHIRAM CHIPS,நேந்திரம் சிப்ஸ்,SNACKS,KG,3.4,800.0
NUNGU (ICE APPLE),நுங்கு,FRUITS,PCS,0.0,5.0
OMAM PODI,ஓமப்பொடி,SNACKS,KG,0.0,600.0
OMAM VADAMS,ஓம வடகம்,READY TO COOK,KG,0.0,350.0
ONION SEV,வெங்காய சேவ்,SNACKS,KG,0.0,520.0
ORANGE,ஆரஞ்சு,FRUITS,KG,1.01,160.0
ORGANIC CHAAT,ஆர்கானிக் சாட்,SNACKS,PCS,0.0,20.0
ORGANIC IDLI BATTER,ஆர்கானிக் இட்லி மாவு,READY TO COOK,KG,0.0,80.0
ORGANIC KEERAI SOUP,ஆர்கானிக் கீரை சூப்,SNACKS,PCS,0.0,15.0
ORGANIC MIXER,ஆர்கானிக் மிக்ஸர்,FRUITS,KG,0.0,400.0
ORGANIC PAYAR,ஆர்கானிக் பயறு,SNACKS,KG,0.0,25.0
ORGANIC PAYASAM,ஆர்கானிக் பாயசம்,SNACKS,PCS,0.0,20.0
ORGANIC POWDER,ஆர்கானிக் பவுடர்,READY TO EAT,KG,0.0,175.0
ORGANIC SNACKS,ஆர்கானிக் ஸ்நாக்ஸ்,SNACKS,KG,0.0,30.0
ORGANIC SOUP,ஆர்கானிக் சூப்,SNACKS,PCS,0.0,20.0
ORGANIC SPL MILK,ஆர்கானிக் ஸ்பெஷல் பால்,SNACKS,PCS,0.0,30.0
PACHAI NADAN,பச்சை நாடன்,FRUITS,KG,0.0,90.0
PACHAI PATTANI,பச்சை பட்டாணி,PROVISIONS,KG,0.0,200.0
PACHARISI MURUKKU,பச்சரிசி முறுக்கு,SNACKS,KG,0.0,400.0
PALAK KEERAI,பசலைக்கீரை,GREENS,PCS,9.0,40.0
PALGOVA,பால்கோவா,SNACKS,KG,0.7,750.0
PALM JAGGERY LADOO,பனை வெல்ல லட்டு,SNACKS,KG,0.0,600.0
PANAKIZHANGU,பனங்கிழங்கு,VEG,PCS,15.0,15.0
PANAM KARKANDU,பனங்கற்கண்டு,PROVISIONS,KG,2.5,1000.0
PANAM KARKANDU POWDER,பனங்கற்கண்டு தூள்,PROVISIONS,KG,0.0,700.0
PANIVARAGU,பனிவரகு,PROVISIONS,KG,0.0,150.0
PANJAVARNAM,பஞ்சவர்ணம்,FRUITS,KG,0.0,120.0
PANNER GRAPES,பன்னீர் திராட்சை,FRUITS,KG,0.0,170.0
PAPAYA,பப்பாளி,FRUITS,KG,31.5,80.0
PARRUPU PODI,பருப்பு பொடி,READY TO EAT,KG,0.0,400.0
PARUPPU KEERAI,பருப்புக்கீரை,GREENS,PCS,7.0,40.0
PASALAI KEERAI,பசலைக்கீரை,GREENS,PCS,0.0,40.0
PASSION FRUIT,பாஷன் பழம்,FRUITS,KG,0.0,120.0
PATTAI(CINNAMON STICK),பட்டை,PROVISIONS,KG,0.0,500.0
PEANUT BAR(KADALAI MITTAI),கடலை மிட்டாய்,SNACKS,PCS,0.0,50.0
PEANUT IDLI POWDER,கடலை இட்லிப்பொடி,PROVISIONS,KG,0.0,900.0
PEARS-HONEY SWEET,பேரிக்காய் - தேன் இனிப்பு,FRUITS,KG,0.18,260.0
PEERANDAI,பீர்க்கங்காய்,FRUITS,KG,0.0,30.0
PEPPER,மிளகு,PROVISIONS,KG,1.8,900.0
PEPPER SEV,மிளகு சேவ்,SNACKS,KG,0.0,600.0
PERUNGAYAM,பெருங்காயம்,PROVISIONS,PCS,0.0,120.0
PINEAPPLE,பைனாப்பிள்,FRUITS,KG,0.0,100.0
PINK ROCK SALT,இளஞ்சிவப்பு இந்துப்பு,PROVISIONS,KG,6.25,140.0
PIRANDAI,பிரண்டை,GREENS,PCS,0.0,30.0
PIRANDAI PODI,பிரண்டை பொடி,READY TO EAT,KG,0.0,1000.0
PLUMS,புரூனே பழம்,FRUITS,KG,0.0,200.0
POMEGRANATE,மாதுளை,FRUITS,KG,0.93,300.0
PONMANI IDLI RICE,பொன்மணி இட்லி அரிசி,PROVISIONS,KG,0.0,80.0
PONNAKANI,பொன்னாங்கண்ணி,GREENS,PCS,7.0,25.0
PONNI BOILED,பொன்னி புழுங்கல்,PROVISIONS,KG,2.2,110.0
PONNI FARM BOILED RICE,பொன்னி பண்ணை புழுங்கல் அரிசி,PROVISIONS,KG,17.0,110.0
PONNI KAIKUTHAL,பொன்னி கைகுத்தல்,PROVISIONS,KG,0.0,110.0
PONNI RAW,பொன்னி பச்சரிசி,PROVISIONS,KG,5.0,110.0
POONGAR,பூங்கார்,PROVISIONS,KG,2.5,110.0
POONGAR AVAL,பூங்கார் அவல்,PROVISIONS,KG,0.0,130.0
POOVAN BANANNA,பூவன் வாழைப்பழம்,FRUITS,KG,3.63,80.0
PORI KADALAI,பொரி கடலை,PROVISIONS,KG,2.25,220.0
PORI VILANGA URUNDAI,பொரி விளங்கா உருண்டை,SNACKS,KG,0.0,300.0
POTATO,உருளைக்கிழங்கு,VEG,KG,12.98,130.0
POTATO CHIPS REGULAR,உருளைக்கிழங்கு சிப்ஸ் (சாதாரண),SNACKS,KG,0.5,600.0
POTATO CHIPS SALT,உருளைக்கிழங்கு சிப்ஸ் (உப்பு),SNACKS,KG,0.0,600.0
POTATO CHIPS STRIPES,உருளைக்கிழங்கு சிப்ஸ் (கோடுகள்),SNACKS,KG,0.0,600.0
PUDALANKAI,புடலங்காய்,VEG,KG,10.93,90.0
PULIYODARAI MIX,புளியோதரை மிக்ஸ்,READY TO EAT,KG,0.0,1000.0
PUTHINA,புதினா,GREENS,PCS,20.5,40.0
PUTHINA SEV,புதினா சேவ்,SNACKS,KG,0.0,520.0
PUTTU MAVU,புட்டு மாவு,PROVISIONS,KG,0.0,120.0
RADISH,முருங்கை,VEG,KG,6.06,60.0
RADISH - RED,முருங்கை - சிவப்பு,VEG,KG,2.19,50.0
RADISH KEERAI,முள்ளங்கிக்கீரை,VEG,KG,3.0,30.0
RAGI,ராகி,PROVISIONS,KG,7.75,120.0
RAGI BISCUIT,ராகி பிஸ்கட்,SNACKS,BOX,0.0,30.0
RAGI FLOUR,ராகி மாவு,PROVISIONS,KG,1.3,120.0
RAGI LADDU,ராகி லட்டு,SNACKS,KG,0.0,300.0
RAGI MURUKKU,ராகி முறுக்கு,SNACKS,KG,0.0,600.0
RAGI NOODLES,ராகி நூடுல்ஸ்,READY TO COOK,PCS,4.0,60.0
RAGI RAVA,ராகி ரவை,PROVISIONS,KG,0.0,49.0
RAIL KATTAM (KARAM),ரயில் கட்டம் (காரம்),SNACKS,PCS,0.0,65.0
RAIL KATTAM (SWEET),ரயில் கட்டம் (இனிப்பு),SNACKS,PCS,0.0,65.0
RAJAMUDI RICE,ராஜமுடி அரிசி,PROVISIONS,KG,0.0,120.0
RAKTHASALI,இரத்தசாலி,PROVISIONS,KG,0.5,260.0
RASTHALI,ரஸ்தாளி,FRUITS,KG,1.98,100.0
RATHASALI LADDU,இரத்தசாலி லட்டு,SNACKS,KG,0.8,850.0
RAW BANANA,பச்சை வாழைப்பழம்,VEG,PCS,75.0,10.0
RAW BANANA CHIPS,பச்சை வாழைப்பழம் சிப்ஸ்,SNACKS,KG,0.0,500.0
RAW GROUNDNUT (FARM),பச்சை நிலக்கடலை (பண்ணை),VEG,KG,0.5,120.0
RAW MANGO,பச்சை மாங்காய்,VEG,KG,0.0,40.0
RAW RICE FLOUR,பச்சரிசி மாவு,PROVISIONS,KG,0.0,150.0
RAW TURMERIC,பச்சை மஞ்சள்,VEG,KG,0.4,300.0
RAW TURMERIC PICKLE,பச்சை மஞ்சள் ஊறுகாய்,READY TO EAT,KG,0.0,1000.0
RED AVAL,சிவப்பு அவல்,PROVISIONS,KG,2.0,120.0
RED BANANA,சிவப்பு வாழைப்பழம்,FRUITS,KG,45.5,120.0
RED BANANA CHIPS,சிவப்பு வாழைப்பழம் சிப்ஸ்,SNACKS,KG,0.0,600.0
RED CHOLAM,சிவப்பு சோளம்,PROVISIONS,KG,0.5,125.0
RED KEERAI,சிவப்பு கீரை,GREENS,PCS,0.0,30.0
RED RICE,சிவப்பு அரிசி,PROVISIONS,KG,0.5,100.0
RED RICE ATHIRASAM,சிவப்பு அரிசி அதிரசம்,SNACKS,KG,0.0,600.0
RED RICE NOODLES,சிவப்பு அரிசி நூடுல்ஸ்,READY TO COOK,PCS,4.0,60.0
RED SOIL DAL((THUVRAM),சிவப்பு மண் பருப்பு (துவரம்),PROVISIONS,KG,0.0,260.0
REDCHILLI VADAMS,சிவப்பு மிளகாய் வடகம்,PROVISIONS,KG,2.2,350.0
REFINED OIL,சுத்திகரிக்கப்பட்ட எண்ணெய்,PROVISIONS,LTRS,0.0,450.0
RIBBON PAKKODA,ரிப்பன் பக்கோடா,SNACKS,KG,2.2,800.0
RIDGE GOURD - (PEERKANKAI),பீர்க்கங்காய்,VEG,KG,18.94,100.0
RNR RAW RICE,RNR பச்சரிசி,PROVISIONS,KG,0.0,110.0
ROASTED PEANUT,வறுத்த நிலக்கடலை,PROVISIONS,KG,0.0,250.0
ROMANI MANGO,ரோமானி மாம்பழம்,FRUITS,KG,90.3,150.0
SAAMAI,சாமை,PROVISIONS,KG,7.5,130.0
SAAMAI BISCUIT,சாமை பிஸ்கட்,SNACKS,BOX,0.0,30.0
SAAMAI FLOUR,சாமை மாவு,PROVISIONS,KG,0.0,140.0
SAAMAI LADOO,சாமை லட்டு,SNACKS,KG,0.0,600.0
SAAMAI MURUKKU,சாமை முறுக்கு,SNACKS,KG,3.0,800.0
SAAMAI NOODLES,சாமை நூடுல்ஸ்,READY TO COOK,PCS,0.0,60.0
SAAMAI RAVA,சாமை ரவை,PROVISIONS,KG,0.0,190.0
SALEM CHANNA RICE THATTAI,சேலம் கடலை அரிசி தட்டை,SNACKS,KG,0.0,900.0
SAMBAR CUCUMBER,சாம்பார் வெள்ளரி,VEG,KG,0.26,60.0
SAMBAR POWDER,சாம்பார் பொடி,PROVISIONS,KG,0.15,500.0
SAPOTA,சப்போட்டா,FRUITS,KG,21.51,110.0
SATHU MAAVU (HEALTH MIX),சத்து மாவு (ஹெல்த் மிக்ஸ்),READY TO COOK,KG,0.5,360.0
SATHUMAVU (LADDU),சத்துமாவு (லட்டு),SNACKS,KG,0.0,300.0
SEASAME BLACK,கருப்பு எள்,PROVISIONS,KG,1.0,220.0
SEASAME LADOO,எள் லட்டு,SNACKS,KG,0.0,600.0
SEASAME WHITE,வெள்ளை எள்,PROVISIONS,KG,0.4,370.0
SEEDAI (KARAM),சீடை (காரம்),SNACKS,KG,0.0,880.0
SEEDAI (SWEET),சீடை (இனிப்பு),SNACKS,KG,0.7,880.0
SEERAGA SAMBHA,சீரக சம்பா,PROVISIONS,KG,0.0,140.0
SEERAGA SAMBHA RAW,சீரக சம்பா பச்சரிசி,PROVISIONS,KG,4.25,150.0
SENDHURA,செந்தூரா,FRUITS,KG,28.06,80.0
SEPPA KILANGU,சேப்பங்கிழங்கு,VEG,KG,12.31,120.0
SESAME IDLY POWDER,எள்ளு இட்லிப்பொடி,READY TO EAT,KG,0.0,600.0
SIRU KEERAI,சிறுக்கீரை,GREENS,PCS,3.0,30.0
SIVAN SAMBHA,சிவன் சம்பா,PROVISIONS,KG,0.0,120.0
SMALL ONION,சின்ன வெங்காயம்,VEG,KG,15.55,110.0
SOMAAS(CHOLAM),சோமாஸ் (சோளம்),SNACKS,KG,0.0,500.0
SOMAAS(KAMBU),சோமாஸ் (கம்பு),SNACKS,KG,0.0,500.0
SOMAAS(RAGI),சோமாஸ் (ராகி),SNACKS,KG,0.0,500.0
SOMAAS(WHEAT),சோமாஸ் (கோதுமை),SNACKS,KG,0.0,500.0
SOMBU,சோம்பு,PROVISIONS,KG,0.7,800.0
SONA MASURI RAW,சோனா மசூரி பச்சரிசி,PROVISIONS,KG,0.0,100.0
SONA MASURI RICE,சோனா மசூரி அரிசி,PROVISIONS,KG,2.75,100.0
SOYA NOODLES,சோயா நூடுல்ஸ்,READY TO COOK,KG,0.0,65.0
SPINACH RED,சிவப்பு கீரை,GREENS,PCS,0.0,40.0
SPL MIXTURE,ஸ்பெஷல் மிக்ஸர்,SNACKS,KG,0.0,600.0
STRAW BERRY,ஸ்ட்ராபெரி,FRUITS,KG,0.0,140.0
SUGARCANE,கரும்பு,FRUITS,KG,0.0,60.0
SUKKANGAI VATHAL,சுக்கங்காய் வற்றல்,PROVISIONS,KG,0.0,1500.0
SUKKU (DRY GINGER),சுக்கு (காய்ந்த இஞ்சி),PROVISIONS,KG,0.0,400.0
SUNDAKKA PICKLE,சுண்டக்காய் ஊறுகாய்,READY TO EAT,KG,0.0,1000.0
SUNDAKKAI,சுண்டக்காய்,VEG,KG,1.25,120.0
SUNDAKKAI VATHAL,சுண்டக்காய் வற்றல்,READY TO COOK,KG,0.0,1000.0
SWEET BOX (BIG),இனிப்பு பெட்டி (பெரியது),SNACKS,KG,0.0,490.0
SWEET BOX (SMALL),இனிப்பு பெட்டி (சிறியது),SNACKS,KG,0.0,250.0
SWEET CORN,ஸ்வீட் கார்ன்,VEG,KG,0.14,80.0
SWEET POTATO,சர்க்கரைவள்ளிக்கிழங்கு,VEG,KG,30.59,120.0
SWISS CHAD,ஸ்விஸ் சாட்,GREENS,PCS,0.0,40.0
TAMARIND(PULI),புளி,PROVISIONS,KG,0.75,300.0
TAPIOCA,மரவள்ளிக்கிழங்கு,VEG,KG,2.0,70.0
THANDU KEERAI,தண்டுக் கீரை,GREENS,PCS,9.0,30.0
THANGA SAMBA,தங்க சம்பா,PROVISIONS,KG,2.5,110.0
THATAI PEPPER,தட்டை மிளகு,SNACKS,KG,0.0,600.0
THATTAI PAYAR DRY,தட்டைப்பயறு (உலர்),PROVISIONS,KG,0.0,250.0
THATTAI RAGI,தட்டை ராகி,SNACKS,KG,0.0,600.0
THATTAI THINAI,தட்டை தினை,SNACKS,KG,0.0,600.0
THENKUZHAL MURUKKU,தேன்குழல் முறுக்கு,SNACKS,KG,0.0,640.0
THINAI,தினை,PROVISIONS,KG,3.5,140.0
THINAI BISCUIT,தினை பிஸ்கட்,SNACKS,BOX,0.0,180.0
THINAI FLOUR,தினை மாவு,PROVISIONS,KG,0.0,120.0
THINAI LADDU,தினை லட்டு,SNACKS,KG,0.0,600.0
THINAI MURUKKU,தினை முறுக்கு,SNACKS,KG,0.0,560.0
THINAI NOODLES,தினை நூடுல்ஸ்,READY TO COOK,PCS,2.0,60.0
THINAI RAVA,தினை ரவை,PROVISIONS,KG,0.0,180.0
THOOYAMALLI BOILED KAIKUTHAL,தூயமல்லி புழுங்கல் கைகுத்தல்,PROVISIONS,KG,0.0,120.0
THOOYAMALLI BROKEN,தூயமல்லி உடைந்தது,PROVISIONS,KG,0.0,80.0
THOOYAMALLI IDYAPPAM FLOUR,தூயமல்லி இடியாப்ப மாவு,PROVISIONS,KG,0.0,200.0
THOOYAMALLI RAW BROKEN RICE,தூயமல்லி பச்சரிசி உடைந்தது,PROVISIONS,KG,0.0,90.0
THOOYAMALLI RAW RICE,தூயமல்லி பச்சரிசி,PROVISIONS,KG,1.0,110.0
THOOYAMALLI RICE,தூயமல்லி அரிசி,PROVISIONS,KG,55.65,110.0
THORANAM,தோரணம்,GREENS,PCS,0.0,10.0
THUVARAM PARUPU,துவரம் பருப்பு,PROVISIONS,KG,6.0,240.0
TOMATO,தக்காளி,VEG,KG,43.23,80.0
TOMATO THOKKU,தக்காளி தொக்கு,SNACKS,KG,0.0,800.0
TOMOTA(BANGALORE),தக்காளி (பெங்களூர்),VEG,KG,8.0,70.0
TRADITIONAL RICE IDLI BATTER,பாரம்பரிய அரிசி இட்லி மாவு,READY TO COOK,KG,0.0,110.0
TRADITIONAL RICE MURRUKU,பாரம்பரிய அரிசி முறுக்கு,SNACKS,KG,0.0,720.0
TREE TOMATO,மரம் தக்காளி,VEG,KG,0.0,100.0
TREEYAA SPL MIXTURE,ட்ரீயா ஸ்பெஷல் மிக்ஸர்,SNACKS,KG,0.0,600.0
TURMERIC PLANT,மஞ்சள் செடி,PROVISIONS,PCS,0.0,50.0
TURMERIC POWDER,மஞ்சள் தூள்,PROVISIONS,KG,0.5,400.0
TURNIP,டர்னிப்,VEG,KG,0.12,100.0
ULLUNTHU(BLACK SPLIT),உளுந்து (கருப்பு உடைத்தது),PROVISIONS,KG,0.0,170.0
ULLUNTHU(BLACK),உளுந்து (கருப்பு),PROVISIONS,KG,9.0,200.0
VALLARAI,வல்லாரை,GREENS,PCS,7.0,30.0
VALLARAI SEV,வல்லாரை சேவ்,SNACKS,KG,0.0,520.0
VALLI KILANGU,வள்ளிக்கிழங்கு,VEG,KG,0.0,80.0
VARAGU,வரகு,PROVISIONS,KG,4.75,110.0
VARAGU BISCUIT,வரகு பிஸ்கட்,SNACKS,BOX,0.0,30.0
VARAGU FLOUR,வரகு மாவு,PROVISIONS,KG,0.0,120.0
VARAGU LADDU,வரகு லட்டு,SNACKS,KG,0.0,600.0
VARAGU NOODLES,வரகு நூடுல்ஸ்,READY TO COOK,PCS,1.0,60.0
VARAGU RAVA,வரகு ரவை,PROVISIONS,KG,0.0,180.0
VELLAM,வெல்லம்,PROVISIONS,KG,9.34,130.0
VENDHAYA KEERAI,வெந்தயக் கீரை,GREENS,PCS,4.0,40.0
VENDHAYAM,வெந்தயம்,PROVISIONS,KG,1.6,400.0
VEPPALAI OIL,வேப்பிலை எண்ணெய்,PROVISIONS,LTRS,0.0,300.0
VERMICELLI - CHOLLAM,சேமியா - சோளம்,READY TO COOK,PCS,5.0,40.0
VERMICELLI - KAMBU,சேமியா - கம்பு,READY TO COOK,PCS,3.0,40.0
VERMICELLI - KUTHIRAIVALLI,சேமியா - குதிரைவாலி,READY TO COOK,PCS,3.0,40.0
VERMICELLI - MULTI MILLETS,சேமியா - பல்வகை சிறுதானியங்கள்,PROVISIONS,PCS,0.0,40.0
VERMICELLI - RAGI,சேமியா - ராகி,READY TO COOK,PCS,0.0,60.0
VERMICELLI - SAMAI,சேமியா - சாமை,READY TO COOK,PCS,3.0,40.0
VERMICELLI - THINNAI,சேமியா - தினை,READY TO COOK,PCS,4.0,40.0
VERMICELLI - VARAGU,சேமியா - வரகு,READY TO COOK,PCS,3.0,40.0
VILANGA,விளங்காய்,FRUITS,KG,0.0,100.0
VINAYAKAR COMBO PACK,விநாயகர் காம்போ பேக்,SNACKS,KG,0.0,375.0
WATER MELON [ NADU ],தர்பூசணி [நாடு],FRUITS,KG,40.08,60.0
WATERMELON [ KIRAN ],தர்பூசணி [கிரண்],FRUITS,KG,67.99,70.0
WHEAT BISCUIT,கோதுமை பிஸ்கட்,SNACKS,BOX,0.0,180.0
WHEAT BLACK KAVUNI PASTA,கோதுமை கருப்பு கவுனி பாஸ்தா,READY TO COOK,PCS,0.0,70.0
WHEAT FLOUR,கோதுமை மாவு,PROVISIONS,KG,1.5,90.0
WHEAT HALWA,கோதுமை அல்வா,SNACKS,KG,0.0,600.0
WHEAT KAMBU PASTA,கோதுமை கம்பு பாஸ்தா,READY TO COOK,PCS,0.0,70.0
WHEAT KUTHIRAIVALLI PASTA,கோதுமை குதிரைவாலி பாஸ்தா,READY TO COOK,PCS,0.0,70.0
WHEAT MULTI MILLET PASTA,கோதுமை பல்வகை சிறுதானிய பாஸ்தா,READY TO COOK,PCS,0.0,70.0
WHEAT NOODLES,கோதுமை நூடுல்ஸ்,READY TO COOK,PCS,0.0,65.0
WHEAT RAGI PASTA,கோதுமை ராகி பாஸ்தா,READY TO COOK,PCS,0.0,70.0
WHEAT RAVA,கோதுமை ரவை,PROVISIONS,KG,0.0,190.0
WHEAT SAAMAI PASTA,கோதுமை சாமை பாஸ்தா,READY TO COOK,PCS,0.0,70.0
WHEAT THINAI PASTA,கோதுமை தினை பாஸ்தா,READY TO COOK,PCS,0.0,70.0
WHEAT VARAGU PASTA,கோதுமை வரகு பாஸ்தா,READY TO COOK,PCS,0.0,70.0
WHEAT WHOLE,கோதுமை முழு,PROVISIONS,KG,13.0,110.0
WHITE AVAL,வெள்ளை அவல்,PROVISIONS,KG,2.51,100.0
WHITE CHANNA,வெள்ளை கொண்டக்கடலை,PROVISIONS,KG,1.0,190.0
WHITE CHOLAM,வெள்ளை சோளம்,PROVISIONS,KG,0.0,100.0
WHITE MOCHAI,வெள்ளை மொச்சை,PROVISIONS,KG,0.0,200.0
WHITE SUGAR ORGANIC,வெள்ளை சர்க்கரை ஆர்கானிக்,PROVISIONS,KG,0.0,150.0
WHITE ULLUNDU WHOLE,வெள்ளை உளுந்து முழு,PROVISIONS,KG,13.5,195.0
YAM - (SENAI KILANGU),சேனைக்கிழங்கு,VEG,KG,10.87,120.0
YELLAKI BANANA,எல்லக்கி வாழைப்பழம்,FRUITS,KG,2.18,110.0
YELLOW PUMKIN,மஞ்சள் பூசணி,VEG,KG,30.99,80.0
